Time[s], AC_Tx
0.000000000000000, 1
0.311441440000000, 0
0.311442880000000, 1
1.313243300000000, 0
1.313244740000000, 1
2.315044840000000, 0
2.315046280000000, 1
3.316847060000000, 0
3.316848480000000, 1
4.318648920000000, 0
4.318650360000000, 1
5.320450340000000, 0
5.320451760000000, 1
6.322252240000000, 0
6.322253660000000, 1
7.324054560000000, 0
7.324055980000000, 1
8.325856040000000, 0
8.325857460000000, 1
9.327658000000000, 0
9.327659440000000, 1
10.329460320000001, 0
10.329461760000001, 1
11.331261700000001, 0
11.331263120000001, 1
12.333063620000001, 0
12.333065060000001, 1
13.088385500000001, 0
13.088386939999999, 1
13.334865779999999, 0
13.336367200000000, 1
14.336667060000000, 0
14.336668480000000, 1
15.338469240000000, 0
15.338470680000000, 1
16.340270860000000, 0
16.340272299999999, 1
16.368556220000002, 0
16.368557660000000, 1
17.342071980000000, 0
17.342073400000000, 1
18.343873940000002, 0
18.343875380000000, 1
19.345675480000001, 0
19.345676900000001, 1
20.347477000000001, 0
20.347478420000002, 1
21.033179600000000, 0
21.033181039999999, 1
21.349278000000002, 0
21.349279440000000, 1
22.351079940000002, 0
22.351081360000002, 1
23.352880980000002, 0
23.352882420000000, 1
24.354682539999999, 0
24.354683959999999, 1
25.356484500000001, 0
25.356485939999999, 1
26.358286020000001, 0
26.358287460000000, 1
27.360087240000002, 0
27.360088659999999, 1
28.361888799999999, 0
28.361890240000001, 1
29.363690360000000, 0
29.363691800000002, 1
30.365491960000000, 0
30.365493400000002, 1
31.367293700000001, 0
31.367295120000001, 1
32.369095340000001, 0
32.369096780000000, 1
33.370897059999997, 0
33.370898480000001, 1
34.372699200000000, 0
34.372700620000003, 1
35.374500460000000, 0
35.374501880000004, 1
36.376302520000003, 0
36.376303940000000, 1
37.378103700000004, 0
37.378105120000001, 1
38.379905380000004, 0
38.379906800000001, 1
39.381707419999998, 0
39.381708860000003, 1
40.383508480000003, 0
40.383509900000000, 1
41.385310380000000, 0
41.385311819999998, 1
42.387111779999998, 0
42.387113220000003, 1
43.388912740000002, 0
43.388914180000000, 1
44.390714140000000, 0
44.390715579999998, 1
45.392515459999998, 0
45.392516900000004, 1
46.394316860000004, 0
46.394318280000000, 1
47.396118240000000, 0
47.396119660000004, 1
48.397919540000004, 0
48.397920980000002, 1
49.399721300000003, 0
49.399722720000000, 1
50.401522659999998, 0
50.401524100000003, 1
51.403323960000002, 0
51.403325379999998, 1
52.405125380000001, 0
52.405126799999998, 1
53.406926280000000, 0
53.406927719999999, 1
54.408727620000001, 0
54.408729059999999, 1
55.410529539999999, 0
55.410530960000003, 1
56.412330439999998, 0
56.413831840000000, 1
57.414131879999999, 0
57.414133319999998, 1
58.415933840000001, 0
58.415935259999998, 1
59.417735280000002, 0
59.417736699999999, 1
