Time[s], Master
0.000000000000000, 0
0.311288700000000, 1
0.311562280000000, 0
1.313090540000000, 1
1.313364160000000, 0
2.314892420000000, 1
2.315166100000000, 0
3.316694320000000, 1
3.316967880000000, 0
4.318496100000000, 1
4.318769720000000, 0
5.320297920000000, 1
5.320571600000000, 0
6.322099780000000, 1
6.322373520000000, 0
7.323901680000001, 1
7.324175420000000, 0
8.325703560000001, 1
8.325977340000000, 0
9.327505459999999, 1
9.327779280000000, 0
10.329307379999999, 1
10.329581160000000, 0
11.331109260000000, 1
11.331382980000001, 0
12.332911060000001, 1
12.333184839999999, 0
13.334712919999999, 1
13.334986640000000, 0
14.336514680000001, 1
14.336788340000000, 0
15.338316380000000, 1
15.338590100000001, 0
16.340118120000000, 1
16.340391720000000, 0
17.341919740000002, 1
17.342193260000002, 0
18.343721280000000, 1
18.343994800000001, 0
19.345522800000001, 1
19.345796320000002, 0
20.347324300000000, 1
20.347597820000001, 0
21.349125799999999, 1
21.349399320000000, 0
22.350927280000001, 1
22.351200800000001, 0
23.352728760000002, 1
23.353002280000002, 0
24.354530239999999, 1
24.354803799999999, 0
25.356331760000000, 1
25.356605380000001, 0
26.358133320000000, 1
26.358406900000002, 0
27.359934840000001, 1
27.360208520000000, 0
28.361736440000001, 1
28.362010139999999, 0
29.363538060000000, 1
29.363811680000001, 0
30.365339600000002, 1
30.365613280000002, 0
31.367141180000001, 1
31.367414940000000, 0
32.368942840000003, 1
32.369216639999998, 0
33.370744540000004, 1
33.371018339999999, 0
34.372546239999998, 1
34.372820019999999, 0
35.374347919999998, 1
35.374621720000000, 0
36.376149599999998, 1
36.376423379999999, 0
37.377951260000003, 1
37.378224979999999, 0
38.379752860000004, 1
38.380026659999999, 0
39.381554520000002, 1
39.381828240000004, 0
40.383356100000000, 1
40.383629780000000, 0
41.385157640000003, 1
41.385431220000001, 0
42.386959080000004, 1
42.387232680000004, 0
43.388760519999998, 1
43.389034039999999, 0
44.390561900000002, 1
44.390835420000002, 0
45.392363260000003, 1
45.392636780000004, 0
46.394164619999998, 1
46.394438139999998, 0
47.395965959999998, 1
47.396239500000000, 0
48.397767320000000, 1
48.398040840000000, 0
49.399568660000000, 1
49.399842159999999, 0
50.401369979999998, 1
50.401643499999999, 0
51.403171319999998, 1
51.403444820000004, 0
52.404972640000004, 1
52.405246220000002, 0
53.406774020000000, 1
53.407047580000004, 0
54.408575380000002, 1
54.408848900000002, 0
55.410376700000000, 1
55.410650380000000, 0
56.412178179999998, 1
56.412451740000002, 0
57.413979540000000, 1
57.414253219999999, 0
58.415781000000003, 1
58.416054680000002, 0
59.417582459999998, 1
59.417856100000002, 0
