Time[s], AC_Rx
0.000000000000000, 1
0.311441420000000, 0
0.311442860000000, 1
1.313243320000000, 0
1.313244760000000, 1
2.315045220000000, 0
2.315046660000000, 1
3.316847040000000, 0
3.316848480000000, 1
4.318648860000000, 0
4.318650280000000, 1
5.320450280000000, 0
5.320451700000000, 1
6.322252240000000, 0
6.322253660000000, 1
7.324054560000000, 0
7.324056000000001, 1
8.325856060000000, 0
8.325857500000000, 1
9.327657980000000, 0
9.327659420000000, 1
10.329460340000001, 0
10.329461760000001, 1
11.331262120000000, 0
11.331263540000000, 1
12.333063559999999, 0
12.333065000000000, 1
13.334865380000000, 0
13.334866820000000, 1
14.336667020000000, 0
14.336668440000000, 1
15.338469260000000, 0
15.338470680000000, 1
15.415430980000000, 0
15.415432400000000, 1
16.340270860000000, 0
16.340272299999999, 1
17.342072399999999, 0
17.342073840000001, 1
18.343873500000001, 0
18.343874920000001, 1
19.345675020000002, 0
19.345676460000000, 1
20.347476539999999, 0
20.347477980000001, 1
21.349278060000000, 0
21.349279480000000, 1
22.351079940000002, 0
22.351081380000000, 1
23.352881000000000, 0
23.352882440000002, 1
24.354682499999999, 0
24.354683940000001, 1
25.356484120000001, 0
25.356485559999999, 1
26.358286060000001, 0
26.358287480000001, 1
27.360087220000000, 0
27.360088659999999, 1
28.361889280000000, 0
28.361890700000000, 1
29.363690800000001, 0
29.363692239999999, 1
30.365492400000001, 0
30.365493839999999, 1
31.367294059999999, 0
31.367295500000001, 1
32.369095340000001, 0
32.369096780000000, 1
33.370897499999998, 0
33.370898920000002, 1
34.372698700000001, 0
34.372700139999999, 1
35.374500400000002, 0
35.374501840000001, 1
36.054423399999997, 0
36.054424820000001, 1
36.376302100000004, 0
36.376303540000002, 1
37.378103680000002, 0
37.378105120000001, 1
38.379905819999998, 0
38.379907240000001, 1
39.381707380000002, 0
39.381708820000000, 1
40.383508440000000, 0
40.383509879999998, 1
41.385310380000000, 0
41.385311819999998, 1
42.387111820000001, 0
42.387113239999998, 1
43.388912740000002, 0
43.388914180000000, 1
44.390714119999998, 0
44.390715540000002, 1
45.392515920000001, 0
45.392517339999998, 1
46.394316840000002, 0
46.394318259999999, 1
47.396118200000004, 0
47.396119620000000, 1
48.397919559999998, 0
48.397920980000002, 1
49.399720899999998, 0
49.399722340000004, 1
50.401522620000001, 0
50.401524060000000, 1
51.403323540000002, 0
51.403324959999999, 1
52.405124940000000, 0
52.405126379999999, 1
53.406926720000001, 0
53.406928160000000, 1
54.408727560000003, 0
54.408729000000001, 1
55.410529520000004, 0
55.410530960000003, 1
56.412330420000004, 0
56.412331840000000, 1
57.414131940000004, 0
57.414133360000001, 1
58.415933819999999, 0
58.415935259999998, 1
59.417735280000002, 0
59.417736720000001, 1
